company,role,slug,solution_name,agent_summary,modules,first_real_action,source_url
ABC,AI Adoption Specialist,abc-ai-adoption-specialist,ABC AI Adoption System,A workforce-facing system that helps editorial and business teams turn real work into safe AI-assisted practices while keeping policy and human judgement visible.,DISCOVERY|WORKFLOW|COACH|HELP|TRAIN|GOV|LIBRARY|ADOPTION|ROI|CHANGE,Analyse a real editorial/business task and return a safe repeatable AI-assisted workflow.,https://careers.abc.net.au/jobs/ai-adoption-specialist-brisbane-qld-australia-melbourne-vic-longreach-sydney-nsw-adelaide-sa-port-pirie-port-lincoln-renmark-mount-gambier-victor-harbor-whyalla-canberra-act-broken-hill-bega-
The Arnott's Group,AI Enablement and Adoption Lead,the-arnott-s-group-ai-enablement-and-adoption-lead,Arnott's AI Work Simplification System,"A practical business-improvement engine for operations, finance, people and commercial teams: find friction, prioritise it, build a safer AI workflow and measure the reduction in manual work.",DISCOVERY|PRIORITY|WORKFLOW|AGENT|COACH|TRAIN|GOV|CHAMPIONS|ADOPTION|ROI|CHANGE,"Take a real business task and return the AI opportunity, workflow, controls, implementation steps and value measures.",https://careers.arnotts.com/job/North-Strathfield-AI-Enablement-and-Adoption-Lead-NSW-2137/1365156066/
Findex,AI & Digital Tools Adoption Lead,findex-ai-digital-tools-adoption-lead,Findex Client-Team AI Adoption System,"A professional-services system organised around Audit, Tax, Advisory and Wealth work: discover execution-heavy tasks, create approved reusable workflows and show where client-facing value is moving.",DISCOVERY|PRIORITY|WORKFLOW|AGENT|COACH|HELP|GOV|LIBRARY|CHAMPIONS|ADOPTION|ROI|WORKFORCE|EXEC,"Take a real business task and return the AI opportunity, workflow, controls, implementation steps and value measures.",https://builtin.com/job/ai-digital-tools-adoption-lead/10362562
SSI,AI Enablement and Adoption Lead,ssi-ai-enablement-and-adoption-lead,SSI Responsible AI Capability System,"A people-first adoption system that makes safe AI guidance usable for frontline and corporate roles, especially where sensitive client information and responsible use matter.",COACH|HELP|TRAIN|GOV|LIBRARY|CHAMPIONS|ADOPTION|ROI|CHANGE,"Take a real business task and return the AI opportunity, workflow, controls, implementation steps and value measures.",https://au.seek.com/enablement-jobs/in-All-Sydney-NSW
Georgiou Group,AI Enablement Lead,georgiou-group-ai-enablement-lead,Georgiou AI Delivery & Enablement System,"A project-focused system that turns construction and corporate process opportunities into governed AI workflows with owners, approvals, rollout tracking and measurable impact.",DISCOVERY|PRIORITY|WORKFLOW|AGENT|GOV|TRAIN|IMPLEMENT|ADOPTION|ROI|WORKFORCE|CHANGE,"Take a real business task and return the AI opportunity, workflow, controls, implementation steps and value measures.",https://au.seek.com/enablement-jobs/in-All-Sydney-NSW
Novigi,AI Adoption Coach,novigi-ai-adoption-coach,Novigi Embedded AI Coaching System,"A coach that starts with the employee's actual task, redesigns the workflow with them, records the winning pattern and follows whether the behaviour stuck.",DISCOVERY|WORKFLOW|COACH|HELP|TRAIN|LIBRARY|CHAMPIONS|ADOPTION|ROI,"Take a real business task and return the AI opportunity, workflow, controls, implementation steps and value measures.",https://au.seek.com/ai-trainer-jobs/in-All-Australia
Novigi,AI Adoption Programme Co-ordinator,novigi-ai-adoption-programme-co-ordinator,Novigi AI Adoption Programme Control Room,"A live operating board for adoption: teams, champions, use cases, blockers, sessions, actions, workflow rollouts and value checkpoints.",PRIORITY|CHAMPIONS|IMPLEMENT|ADOPTION|ROI|CHANGE|EXEC,"Take a real business task and return the AI opportunity, workflow, controls, implementation steps and value measures.",https://au.seek.com/AI-Adoption-jobs/in-All-Sydney-NSW
Commonwealth Bank,Chapter Lead - AI Enablement & Execution,commonwealth-bank-chapter-lead-ai-enablement-execution,CommBank Change & Delivery AI Enablement System,"A system specifically for Change & Delivery that turns planning, reporting, communications, insights and stakeholder work into governed AI-enabled practices and capability paths.",DISCOVERY|PRIORITY|WORKFLOW|COACH|TRAIN|GOV|LIBRARY|CHAMPIONS|ADOPTION|ROI|CHANGE|EXEC,"Take a business/change workflow and return opportunity, controls, workflow design and measurable outcomes.",https://cba.wd3.myworkdayjobs.com/en-US/CommBank_Careers/job/Chapter-Lead---AI-Enablement---Execution_REQ261712
Insignia Financial,Head of AI Adoption & Transformation,insignia-financial-head-of-ai-adoption-transformation,Insignia Human + AI Workforce Operating System,"A future-work system: map human roles, identify AI-capable work, design new operating models and maintain a registry of digital workers with human supervisors and measurable outcomes.",DISCOVERY|PRIORITY|WORKFLOW|AGENT|COACH|GOV|ADOPTION|ROI|WORKFORCE|CHANGE|EXEC|RADAR,"Take a real business task and return the AI opportunity, workflow, controls, implementation steps and value measures.",https://careers.insigniafinancial.com.au/job/SYDNEY-Head-of-AI-Adoption-%26-Transformation-NSW-2000/1365289566/
Bellroy,AI Enablement Lead,bellroy-ai-enablement-lead,Bellroy AI Effectiveness System,"A cross-functional AI workbench that can sit with any team, diagnose the task, decide whether AI is even the right tool, build reusable workflows and show licence cost versus real value.",DISCOVERY|WORKFLOW|AGENT|COACH|HELP|TRAIN|GOV|LIBRARY|ROI|LICENSE|RADAR,"Take a real business task and return the AI opportunity, workflow, controls, implementation steps and value measures.",https://job-boards.greenhouse.io/bellroy/jobs/8104479
CBRE Asia Pacific,AI Adoption Lead,cbre-asia-pacific-ai-adoption-lead,CBRE Pacific AI Adoption Field System,"A field-facing adoption layer for property and advisory teams: capture real use cases, coach teams, publish working patterns, collect friction and close the loop to the AI roadmap.",DISCOVERY|WORKFLOW|COACH|HELP|TRAIN|LIBRARY|ADOPTION|ROI|CHANGE,"Take a real business task and return the AI opportunity, workflow, controls, implementation steps and value measures.",https://au.linkedin.com/jobs/view/ai-adoption-lead-at-cbre-asia-pacific-4452980768
Deloitte Australia,AI Value & Adoption Lead - Director,deloitte-australia-ai-value-adoption-lead-director,Deloitte AI Value Realisation System,"A portfolio-level control system that links every AI initiative to a value hypothesis, accountable owner, adoption evidence, realised benefit, risk and next executive decision.",DISCOVERY|PRIORITY|IMPLEMENT|ADOPTION|ROI|EXEC|VENDOR|RADAR,"Take a real business task and return the AI opportunity, workflow, controls, implementation steps and value measures.",https://jobs.deloitte.com.au/job/Melbourne-AI-Value-%26-Adoption-Lead-Director-VIC/1366035966/
David Jones,AI Capability & Enablement Lead,david-jones-ai-capability-enablement-lead,David Jones Workforce AI Capability System,"A role-based capability system with different AI pathways for stores, support office, merchandising, people teams and executives, connected to real work and measured adoption.",DISCOVERY|COACH|TRAIN|LIBRARY|CHAMPIONS|ADOPTION|ROI|CHANGE,Take a role/task from store or support office and return a practical learning/workflow path.,https://au.indeed.com/viewjob?jk=148ec76e4d12e141
Techtronic Industries,AI Governance & Enablement Lead ANZ,techtronic-industries-ai-governance-enablement-lead-anz,TTI ANZ AI Governance & Enablement Control Plane,"A governed use-case register that moves AI ideas from business request through risk/benefit assessment, approval, enablement, deployment, ownership and measurable value.",DISCOVERY|PRIORITY|GOV|IMPLEMENT|TRAIN|CHAMPIONS|ADOPTION|ROI|WORKFORCE|EXEC,"Take a real business task and return the AI opportunity, workflow, controls, implementation steps and value measures.",https://au.seek.com/AI-governance-jobs/in-All-Melbourne-VIC
Insentra,AI Adoption Lead,insentra-ai-adoption-lead,Insentra AI Momentum Adoption Control System,"A client-facing system that keeps executive narrative, opportunity pipeline, champions, behaviours, interventions and measurable outcomes connected across the whole adoption programme.",DISCOVERY|PRIORITY|CHAMPIONS|IMPLEMENT|ADOPTION|ROI|CHANGE|EXEC,"Take a real business task and return the AI opportunity, workflow, controls, implementation steps and value measures.",https://www.insentragroup.com/us/careers/open-opportunities/
Icon Group,Project Trainer - National Heidi AI Adoption,icon-group-project-trainer-national-heidi-ai-adoption,Icon Heidi AI National Adoption System,"A site-by-site clinical adoption system covering readiness, role training, workflow practice, go-live support, issue capture, escalation and adoption outcomes without pretending clinical systems are connected when they are not.",TRAIN|COACH|HELP|IMPLEMENT|ADOPTION|ROI|CHANGE,"Take a real clinical/admin workflow and generate a training, go-live and support plan without making clinical decisions.",https://icongroup.global/en/position/project-trainer-national-heidi-ai-adoption-fixed-term-project-role-1114830/
MinterEllison,Senior Manager Optimisation & AI Enablement,minterellison-senior-manager-optimisation-ai-enablement,MinterEllison People Services AI Optimisation System,"A people-operations workflow engine that identifies repetitive HR/service work, redesigns it with AI and automation, sets quality controls and measures service improvement.",DISCOVERY|PRIORITY|WORKFLOW|AGENT|GOV|IMPLEMENT|ADOPTION|ROI,"Take a real business task and return the AI opportunity, workflow, controls, implementation steps and value measures.",https://au.seek.com/enablement-jobs/in-All-Sydney-NSW
Thomsons Lawyers,Technology & AI Trainer,thomsons-lawyers-technology-ai-trainer,Thomsons Legal AI Learning & Support System,"A lawyer-facing coach and practice library built around legal research, drafting, document automation, Microsoft tools and safe-use guidance.",COACH|HELP|TRAIN|GOV|LIBRARY|ADOPTION,"Take a legal workflow and return a matter-safe AI workflow, human review points and reusable guidance.",https://au.seek.com/ai-trainer-jobs/in-All-Australia
Team 400,AI Trainer & AI Agent Consultant,team-400-ai-trainer-ai-agent-consultant,Team 400 Agent Delivery & Adoption Workbench,"A consultant workbench that moves from client process interview to working agent design, training plan, adoption support and value evidence.",DISCOVERY|WORKFLOW|AGENT|TRAIN|COACH|IMPLEMENT|ADOPTION|ROI,"Take a real business task and return the AI opportunity, workflow, controls, implementation steps and value measures.",https://au.seek.com/ai-trainer-jobs/in-All-Australia
Epiphany Training + Consulting,AI Consultant,epiphany-training-consulting-ai-consultant,Epiphany Client AI Learning Studio,"A system that converts a client's roles and actual work into tailored workshops, practice tasks, safe-use guidance and post-training adoption evidence.",DISCOVERY|TRAIN|COACH|GOV|LIBRARY|ADOPTION|ROI,"Take a real business task and return the AI opportunity, workflow, controls, implementation steps and value measures.",https://au.seek.com/ai-trainer-jobs/in-All-Australia
Australian Retirement Trust,Manager - AI Governance,australian-retirement-trust-manager-ai-governance,ART Responsible AI Governance System,"A decision and assurance layer for every AI use case: purpose, data, risk, approval, controls, owner, monitoring and responsible-adoption evidence.",GOV|PRIORITY|IMPLEMENT|WORKFORCE|ADOPTION|ROI|EXEC|RADAR,"Take a real business task and return the AI opportunity, workflow, controls, implementation steps and value measures.",https://au.seek.com/ai-governance-jobs/in-All-Australia
Australian Retirement Trust,AI Governance Specialist,australian-retirement-trust-ai-governance-specialist,ART AI Governance Specialist Workbench,"The operational side of governance: intake, risk assessment, evidence, approvals, control testing, policy guidance and audit-ready records.",GOV|IMPLEMENT|WORKFORCE|LIBRARY|RADAR,"Take a real business task and return the AI opportunity, workflow, controls, implementation steps and value measures.",https://au.seek.com/ai-governance-jobs/in-All-Australia
Australian Financial Complaints Authority,"Manager, AI Governance",australian-financial-complaints-authority-manager-ai-governance,AFCA AI Governance & Assurance System,"A governance system designed around high-accountability decision environments: use-case register, assurance evidence, human review, audit trail and continuous control improvement.",GOV|IMPLEMENT|WORKFORCE|ADOPTION|ROI|EXEC,"Take a real business task and return the AI opportunity, workflow, controls, implementation steps and value measures.",https://au.seek.com/ai-governance-jobs
Great Southern Bank,Data and AI Governance Specialist,great-southern-bank-data-and-ai-governance-specialist,Great Southern Bank Data + AI Governance System,"A joined-up data-and-AI control layer that makes source data, AI purpose, quality, risk, policy, approvals and ongoing accountability visible in one record.",GOV|IMPLEMENT|WORKFORCE|LIBRARY|EXEC,"Take a business/change workflow and return opportunity, controls, workflow design and measurable outcomes.",https://au.seek.com/artificial-intelligence-governance-jobs
NSW Department of Customer Service,"Manager, Data & AI Governance",nsw-department-of-customer-service-manager-data-ai-governance,NSW DCS Trusted AI Governance System,"A public-sector AI governance system that makes public interest, data stewardship, risk, human oversight, approvals and auditability explicit before deployment.",GOV|PRIORITY|IMPLEMENT|WORKFORCE|EXEC|RADAR,"Take a real business task and return the AI opportunity, workflow, controls, implementation steps and value measures.",https://au.seek.com/ai-governance-jobs/in-All-Australia
Central Land Council,PM009 - AI Specialist,central-land-council-pm009-ai-specialist,CLC AI Governance & Operations System,"A combined governance and operations control plane: use-case intake, risk, integrations, approvals, deployed tools, owners, incidents, performance and safe-use guidance.",DISCOVERY|GOV|IMPLEMENT|WORKFORCE|HELP|ADOPTION|ROI,"Take a real business task and return the AI opportunity, workflow, controls, implementation steps and value measures.",https://au.seek.com/ai-governance-jobs/in-All-Australia
City of Stonnington,AI Enablement Lead,city-of-stonnington-ai-enablement-lead,Stonnington Practical AI Enablement System,"A council-ready system for finding service/admin use cases, coaching staff, applying responsible-use controls and showing which changes actually improve service delivery.",DISCOVERY|WORKFLOW|COACH|TRAIN|GOV|ADOPTION|ROI|CHANGE,"Take a real business task and return the AI opportunity, workflow, controls, implementation steps and value measures.",https://au.seek.com/artificial-intelligence-governance-jobs/in-All-Australia
"Wesfarmers Chemicals, Energy & Fertilisers",Digital Enablement Specialist (AI Transformation),wesfarmers-chemicals-energy-fertilisers-digital-enablement-specialist-ai-transfo,WesCEF AI Transformation Enablement System,"An industrial transformation pipeline that links business opportunity, workflow redesign, governance, rollout, adoption and value evidence.",DISCOVERY|PRIORITY|WORKFLOW|GOV|IMPLEMENT|ADOPTION|ROI|CHANGE,"Take a real business task and return the AI opportunity, workflow, controls, implementation steps and value measures.",https://au.seek.com/ai-governance-jobs/in-All-Australia
"Victorian Department of Energy, Environment and Climate Action",AI & Data Lead,victorian-department-of-energy-environment-and-climate-action-ai-data-lead,DEECA Trusted AI & Data Delivery System,"A portfolio system for government AI and data solutions: problem, data, governance, delivery path, owner, outcome and continuous improvement.",DISCOVERY|PRIORITY|GOV|IMPLEMENT|WORKFORCE|ROI|EXEC,"Take a real business task and return the AI opportunity, workflow, controls, implementation steps and value measures.",https://au.seek.com/artificial-intelligence-governance-jobs/in-All-Australia
"Victorian Department of Energy, Environment and Climate Action",Artificial Intelligence (AI) Technical Specialist,victorian-department-of-energy-environment-and-climate-action-artificial-intelli,DEECA AI Service Enablement Workbench,"A technical enablement layer for approved AI services: tool catalogue, guidance, patterns, integration notes, issues, change log and business-unit support.",WORKFLOW|AGENT|HELP|GOV|LIBRARY|RADAR|IMPLEMENT,"Take a real business task and return the AI opportunity, workflow, controls, implementation steps and value measures.",https://au.seek.com/artificial-intelligence-governance-jobs/in-All-Australia
City of Whittlesea,AI Solutions Officer,city-of-whittlesea-ai-solutions-officer,Whittlesea AI Service Improvement System,"A council service-improvement engine: start with service pain points, design a safe AI workflow, pilot it with staff and measure whether the resident/staff experience improves.",DISCOVERY|PRIORITY|WORKFLOW|AGENT|GOV|IMPLEMENT|ADOPTION|ROI,"Take a real business task and return the AI opportunity, workflow, controls, implementation steps and value measures.",https://au.seek.com/ai-policy-jobs/in-All-Melbourne-VIC
Australian Renewable Energy Agency (ARENA),Applications and AI Lead,australian-renewable-energy-agency-arena-applications-and-ai-lead,ARENA Applications + AI Value System,"A roadmap system that links enterprise applications, AI opportunities, owners, dependencies, vendors, delivery work and business value.",DISCOVERY|PRIORITY|VENDOR|IMPLEMENT|WORKFORCE|ROI|EXEC|RADAR,"Take a real business task and return the AI opportunity, workflow, controls, implementation steps and value measures.",https://au.seek.com/Enterprise-Ai-jobs/in-All-Sydney-NSW
CBRE Advisory,AI Analytics Lead,cbre-advisory-ai-analytics-lead,CBRE AI Analytics & Opportunity System,"An analytics-led companion to the adoption role: identify high-value AI opportunities, test impact hypotheses and feed validated patterns back into adoption.",DISCOVERY|PRIORITY|WORKFLOW|ROI|EXEC|RADAR,"Take a real business task and return the AI opportunity, workflow, controls, implementation steps and value measures.",https://au.seek.com/CBRE-jobs/in-Sydney-NSW-2000
RSM Australia,Data Analytics & AI Manager,rsm-australia-data-analytics-ai-manager,RSM Analytics + AI Value Delivery System,"A consulting delivery system connecting client problem, analytics/AI solution, governance, adoption, evidence and measurable business impact.",DISCOVERY|PRIORITY|WORKFLOW|GOV|IMPLEMENT|ADOPTION|ROI|EXEC,"Take a real business task and return the AI opportunity, workflow, controls, implementation steps and value measures.",https://au.seek.com/Data-%26-AI-Governance-jobs/in-All-Sydney-NSW
